<?xml version="1.0" encoding="UTF-8"?>
<!-- Copyright 2018 Dmitry Shachnev -->
<component type="desktop-application">
  <id>me.mitya57.ReText</id>
  <name>ReText</name>
  <summary>Simple text editor for Markdown and reStructuredText</summary>
  <summary xml:lang="ar">محرر نصوص بسيط لمارك داون Markdown  و ريستكرجر تيكست reStructuredText</summary>
  <summary xml:lang="ca">Editor de Markdown i reStructuredText senzill alhora que potent</summary>
  <summary xml:lang="cs">Jednoduchý editor pro Markdown a reStructuredText</summary>
  <summary xml:lang="cy">Golygydd testun syml ar gyfer Markdown a reStructuredText</summary>
  <summary xml:lang="da">Enkel editor til Markdown og reStructuredText</summary>
  <summary xml:lang="de">Einfacher Texteditor für Markdown und reStructuredText</summary>
  <summary xml:lang="el">Απλός επεξεργαστής κειμένου για Markdown και ReStructuredText</summary>
  <summary xml:lang="es">Editor básico de texto para Markdown y reStructuredText</summary>
  <summary xml:lang="et">Lihtne tekstiredaktor Markdown ning reStructuredText süntaksitele</summary>
  <summary xml:lang="eu">Markdown eta reStructuredText-erako editore sinplea</summary>
  <summary xml:lang="fa">یک ویرایشگر متن ساده برای متن های قالب Markdown و reStructuredText</summary>
  <summary xml:lang="fi">Yksinkertainen tekstieditori Markdownille ja reStructuredTextille</summary>
  <summary xml:lang="fr">Éditeur de texte simple pour Markdown et reStructuredText</summary>
  <summary xml:lang="ga">Eagarthóir téacs simplí do Markdown agus reStructuredText</summary>
  <summary xml:lang="hu">Egyszerű Markdown és reStructuredText szövegszerkesztő</summary>
  <summary xml:lang="it">Semplice editor di testo per Markdown e reStructuredText</summary>
  <summary xml:lang="ja">MarkdownとreStructuredTextのためのシンプルで強力なエディタ</summary>
  <summary xml:lang="ko">Markdown과 reStructuredText용 텍스트 편집기</summary>
  <summary xml:lang="nl">Eenvoudige teksteditor voor Markdown en reStructuredText</summary>
  <summary xml:lang="no">En enkel tekstbehandler for Markdown og reStructuredText</summary>
  <summary xml:lang="pl">Prosty edytor Markdown i reStructuredText</summary>
  <summary xml:lang="pt_BR">Editor simples para Markdown e reStructuredText</summary>
  <summary xml:lang="ru">Простой редактор для Markdown и reStructuredText</summary>
  <summary xml:lang="sk">Jednoduchý textový editor pre Markdown a reStructuredText</summary>
  <summary xml:lang="sr">Једноставан уређивач за Markdown и reStructuredText</summary>
  <summary xml:lang="sr@latin">Jednostavan uređivač za Markdown i reStructuredText</summary>
  <summary xml:lang="sv">Enkel textredigerare för Markdown och reStructuredText</summary>
  <summary xml:lang="tr">Markdown ve reStructuredText için basit ama güçlü düzenleyici</summary>
  <summary xml:lang="uk">Простий текстовий редактор для Markdown та reStructuredText</summary>
  <summary xml:lang="zh_CN">支持 Markdown 和 reStructuredText 语法的简易文本编辑器</summary>
  <summary xml:lang="zh_TW">簡單高效的 Markdown 與 reStructuredText 編輯器</summary>
  <description>
    <p>ReText is a text editor for plain text markup languages, such as Markdown and reStructuredText.</p>
    <p xml:lang="de">ReText ist ein Texteditor für vereinfachten Auszeichnungssprachen wie Markdown und reStructuredText.</p>
    <p xml:lang="ru">ReText — это текстовый редактор для языков разметки, таких как Markdown и reStructuredText.</p>
    <p>It supports tabs, live text preview, synchronized scrolling and syntax highlighting.</p>
    <p xml:lang="de">Er unterstützt Reiter, Live-Vorschau, synchrones Scrollen und Syntaxhervorhebung.</p>
    <p xml:lang="ru">Он поддерживает вкладки, живой просмотр, синхронную прокрутку и подсветку синтаксиса.</p>
    <p>ReText can export to HTML, ODT and PDF formats. It is also possible to write custom export extensions.</p>
    <p xml:lang="de">ReText kann Dokumente in HTML, ODT und PDF exportieren. Es ist auch möglich, benutzerdefinierte Export-Erweiterungen zu schreiben.</p>
    <p xml:lang="ru">ReText может экспортировать в форматы HTML, ODT и PDF. Также возможно написание собственных расширений экспорта.</p>
  </description>
  <url type="homepage">https://github.com/retext-project/retext</url>
  <metadata_license>CC0</metadata_license>
  <project_license>GPL-2.0+</project_license>
  <provides>
    <binary>retext</binary>
  </provides>
  <launchable type="desktop-id">me.mitya57.ReText.desktop</launchable>
  <screenshots>
    <screenshot type="default" environment="plasma">
      <caption>ReText running in KDE Plasma environment</caption>
      <image type="source" width="1072" height="603">https://raw.githubusercontent.com/retext-project/retext/master/data/retext-kde6.png</image>
    </screenshot>
  </screenshots>
  <translation type="qt">retext</translation>
  <developer id="me.mitya57">
    <name>Dmitry Shachnev</name>
  </developer>
  <update_contact>mitya57_AT_gmail.com</update_contact>
  <content_rating type="oars-1.0"/>
  <releases>
    <release version="8.1.0" date="2025-01-09">
      <description>
        <ul>
          <li>Added support for Ctrl+Tab and Ctrl+Shift+Tab for switching tabs.</li>
          <li>WebEngine previewer now shows link on hover.</li>
          <li>Changed mouse cursor to pointing hand on link.</li>
          <li>Added F9 shortcut for showing/hiding directory tree dynamically.</li>
          <li>In the directory tree, for files with long names the full name is shown in a tooltip.</li>
          <li>Splitter state and WebEngine preview zoom factor are now cached between runs.</li>
          <li>Preferences dialog now has links to open the selected stylesheet file and working directories externally.</li>
          <li>It is now possible to pass a directory on the command line, it will be shown in the tree.</li>
          <li>Pasted image URLs are now converted to image markup.</li>
          <li>Up/Down keys move to document start/end on the first and last lines.</li>
          <li>When the system theme is dark, Qt WebEngine now uses dark mode too.</li>
          <li>Added markdownHeaders setting for the highlighter.</li>
          <li>Added initial AsciiDoc support.</li>
          <li>Added Ctrl+H shortcut for viewing HTML code.</li>
          <li>Added Irish translation, updated Danish, Dutch, Italian and Ukrainian.</li>
        </ul>
      </description>
    </release>
    <release version="8.0.2" date="2024-03-16"/>
    <release version="8.0.1" date="2023-05-28"/>
    <release version="8.0.0" date="2022-07-24"/>
    <release version="7.2.3" date="2022-02-03"/>
    <release version="7.2.2" date="2021-10-11"/>
    <release version="7.2.1" date="2021-03-06"/>
    <release version="7.2.0" date="2021-02-08"/>
    <release version="7.1.0" date="2020-04-04"/>
    <release version="7.0.4" date="2018-09-23"/>
    <release version="7.0.3" date="2018-06-06"/>
    <release version="7.0.2" date="2018-06-05"/>
    <release version="7.0.1" date="2017-06-24"/>
    <release version="7.0.0" date="2017-02-13"/>
    <release version="6.0.2" date="2016-10-03"/>
    <release version="6.0.1" date="2016-06-25"/>
    <release version="6.0.0" date="2016-05-10"/>
    <release version="5.3.1" date="2016-04-07"/>
    <release version="5.3.0" date="2015-12-20"/>
    <release version="5.2.1" date="2015-10-06"/>
    <release version="5.2.0" date="2015-09-23"/>
    <release version="5.1.0" date="2015-06-30"/>
    <release version="5.0.2" date="2015-04-17"/>
    <release version="5.0.1" date="2014-10-28"/>
    <release version="5.0.0" date="2014-07-26"/>
    <release version="4.1.3" date="2014-06-11"/>
    <release version="4.1.2" date="2014-03-28"/>
    <release version="4.1.1" date="2013-11-01"/>
    <release version="4.1.0" date="2013-08-18"/>
    <release version="4.0.1" date="2013-03-24"/>
    <release version="4.0.0" date="2012-12-06"/>
    <release version="3.1.5" date="2013-07-15"/>
    <release version="3.1.4" date="2013-01-19"/>
    <release version="3.1.3" date="2012-09-17"/>
    <release version="3.1.2" date="2012-08-19"/>
    <release version="3.1.1" date="2012-08-01"/>
    <release version="3.1.0" date="2012-06-07"/>
    <release version="3.0.4" date="2012-05-25"/>
    <release version="3.0.3" date="2012-04-22"/>
    <release version="3.0.2" date="2012-04-02"/>
    <release version="3.0.1" date="2012-03-25"/>
    <release version="3.0.0" date="2012-03-08"/>
    <release version="2.1.6" date="2012-05-30"/>
    <release version="2.1.5" date="2012-03-15"/>
    <release version="2.1.4" date="2012-01-06"/>
    <release version="2.1.3" date="2011-12-10"/>
    <release version="2.1.1" date="2011-10-27"/>
    <release version="2.1.0" date="2011-10-02"/>
    <release version="2.0.0" date="2011-08-05"/>
    <release version="1.1.2" date="2011-06-10"/>
    <release version="1.1.0" date="2011-06-01"/>
    <release version="1.0.0" date="2011-04-24"/>
    <release version="0.5.2" date="2011-03-20"/>
    <release version="0.4.0" date="2011-03-11"/>
    <release version="0.3.5" date="2011-03-02"/>
    <release version="0.3.4" date="2011-02-28"/>
    <release version="0.3.3" date="2011-02-27"/>
    <release version="0.3.2" date="2011-02-25"/>
    <release version="0.3.1" date="2011-02-24"/>
    <release version="0.3.0" date="2011-02-23"/>
  </releases>
</component>
